                  epoch,         train/box_loss,         train/cls_loss,         train/dfl_loss,   metrics/precision(B),      metrics/recall(B),       metrics/mAP50(B),    metrics/mAP50-95(B),           val/box_loss,           val/cls_loss,           val/dfl_loss,                 lr/pg0,                 lr/pg1,                 lr/pg2
                      1,                 3.0672,                  5.506,                 4.2036,                      0,                      0,                      0,                      0,                 2.7727,                 5.7251,                 4.1506,             0.00010323,             0.00010323,             0.00010323
                      2,                 2.9864,                 5.4354,                 4.1701,                      0,                      0,                      0,                      0,                 2.7039,                 5.7059,                 4.0847,             0.00020771,             0.00020771,             0.00020771
                      3,                 2.9806,                 5.3958,                 4.1206,                      0,                      0,                      0,                      0,                 2.5758,                 5.6774,                 3.8857,             0.00031009,             0.00031009,             0.00031009
                      4,                 2.9683,                 5.4047,                 4.0504,                  3e-05,                0.10897,                0.00023,                  8e-05,                 2.6609,                   5.74,                 4.1039,             0.00032311,             0.00032311,             0.00032311
